branch_name, premises_phone, premises_fax, email, website, premises_address, premises_suburb, premises_state, local_beach, premises_postcode
Wide Bay Capricorn Branch,741111000,741533227, slswbc@lifesaving.com.au, www.agneswatersurfclub.com, 1 Surf Club Avenue, Agnes Water, QLD, Agnes Water,4677
Misc WA Clubs, (08) 98413327, , admin@albanysurfclub.com.au, www.albanysurfclub.com.au, 4 Flinders Parade, Middleton Beach, WA, Middleton Beach,6330
Misc SA Clubs, 8556 3178, , abslsc.secretary@gmail.com, www.Aldingabayslsc.com.au, Norman Rd, Aldinga Beach, SA, Adlinga,5173
Sunshine Coast Branch,754567804,754438793, lifesavers@alexsurfclub.com.au, http://www.alexsurfclub.com.au/, 167 Alexandra Parade, Alexandra Headland, QLD, Alexandra Headland,4572
Misc WA Clubs,457444007, , alkimosslsc@outlook.com, , 500K Skysail Avenue, Alkimos, WA, ,6038
Port Phillip (Area),438939880, , admin@altonalsc.com.au, www.altonalsc.com.au, 127 Esplanade, Altona, VIC, Altona (Main),3018
Surf Coast (Area), 03 5263 1107, 03 5263 1108, info@angleseaslsc.org.au, www.angleseaslsc.org.au, 100 Great Ocean Road, Anglesea, VIC, Anglesea,3230
Otway (Area),352376765, , apollobayslsc@yahoo.com.au, www.apollobayslsc.com.au, Collingwood, APOLLO BAY, VIC, Apollo Bay,3233
North Barrier Branch, 07 4721 5855, 07 4721 5366, arcadian@bigpond.net.au, http://www.arcadiansurfclub.com.au, The Rockpool - The Strand, Townsville, QLD, Alma Bay,4810
Kingston (Area), 03 9587 2474, , aspendalelsc@hotmail.com, http://aspendalelsc.com.au/, Groves Street, Aspendale, VIC, Aspendale,3195
Illawarra Branch,242673765, , admin@austinmersurfclub.com.au, www.austinmersurfclub.com.au, Lawrence Hargrave Drive, Austinmer, NSW, Austinmer Beach,2515
Sydney Northern Beaches Branch, 02 9918 3298, , avalonbeachslsc@gmail.com, www.avalonbeachslsc.com.au, 558A Barrenjoey Road, Avalon Beach, NSW, Avalon Beach,2107
Central Coast Branch, 02 4382 1514, , office@avocabeachslsc.asn.au, www.avocabeachslsc.asn.au, 10 Vine Street, Avoca Beach, NSW, Avoca Beach,2251
North Barrier Branch, 07 4783 5638, , ayrslsc@gmail.com, ayrsurfclub.com.au, Sandown Street- Alva Beach, Ayr, QLD, Alva Beach,4807
Far North Coast Branch,410611058, , ballinaslsc@gmail.com, www.ballinasurfclub.com.au, 65 Lighthouse Parade, East Ballina, NSW, Shelly,2478
Geelong (Area), 03 5264 1248, , enquiries@bancoora.asn.au, www.bancoora.asn.au, Breamlea Road, Breamlea, VIC, Bancoora Beach,3227
Geelong (Area), 03 5254 2469, , committee@13thbeachslsc.asn.au, www.13thbeachslsc.asn.au, 13th Beach Rd, Barwon Heads, VIC, Point Flinders,3227
Life Saving Victoria, , , , , , , Unknown, , 
Far South Coast Branch,408603750, , bbslsc.president@gmail.com, www.batemansbayslsc.org.au, George Bass Drive, Malua Bay, NSW, Malua Bay,2536
Surf Life Saving NSW Misc Branch, , , , , , , Unknown, , 
Surf Life Saving NSW Misc Branch,402737585,244438581, info@bbcnippersclub.com, www.bbcnippersclub.com, Huskisson Beach, Huskisson, NSW, ,2540
Life Saving Victoria, , , , , , , Unknown, , 
Misc SA Clubs,434910865, , beachportslssa@gmail.com, , Millicent Road, BEACHPORT, SA, ,5280
Bayside (Area), 03 9589 3377, , blscsecretary@gmail.com, www.beaumarislifesavingclub.org, Beach Road, Beaumaris, VIC, Beaumaris,3193
Illawarra Branch,412446970, , bellambislsc@bellambislsc.com.au, , Morgan Place, Bellambi, NSW, Bellambi Beach,2518
Life Saving Victoria, , , , , , , Unknown, , 
North Coast Branch, 02 6655 4449, , bvnbslsc@bigpond.com, , George Street, Mylestom, NSW, North Beach/South Bogangar,2454
Far South Coast Branch, , , bermisurfclub@gmail.com, www.bermaguisls.org.au, 1 Lamont Street, Bermagui, NSW, Horseshoe Bay,2546
Misc TAS Clubs, , , bichenoslsc@gmail.com, , 41 Foster Street, Bicheno, TAS, Bicheno,7215
Sydney Northern Beaches Branch, 02 9918 2337, 02 9918 0094, club.coordinator@bilgolaslsc.org.au, www.bilgolaslsc.org.au, The Serpentine, Bilgola, NSW, Bilgola Beach,2107
Point Danger Branch, 07 5534 1263, 07 5534 3730, office@bilingaslsc.com, www.bilingaslsc.com, 257 Golden Four Drive, Bilinga, QLD, Bilinga,4225
Misc WA Clubs, , , binningupslsc@hotmail.com, , Lot 3001 Coronation Drive, Binningup, WA, Binningup Beach,6233
Hunter Branch,249819944, , birubisecretary@gmail.com, www.birubipointslsc.org.au, 73 James Paterson Street, Anna Bay, NSW, Birubi Point,2316
Lower North Coast Branch,265592737, , administration@blackheadslsc.com.au, http:www.blackheadslsc.com.au, Main St, Hallidays Point, NSW, Black Head Beach,2430
Bayside (Area), 03 9598 9571, , brlscpres@gmail.com, www.brlsc.org.au, Beach Road (near Clock Tower), Black Rock, VIC, Black Rock,3193
Misc TAS Clubs, , , boatharbour@slst.asn.au, , Port Road, Boat Harbour, TAS, Boat Harbour,7321
Kingston (Area),397760810, , secretary@bonbeachlsc.com.au, www.bonbeachlsc.com.au, Beach Reserve- Lord Weaver Grove, Bonbeach, VIC, Bonbeach,3196
Sydney Branch, 9300 9279, 9300 9596, info@bondisurfclub.com, www.bondisurfclub.com, Queen Elizabeth Drive, Bondi Beach, NSW, Bondi Beach (South),2026
North Barrier Branch, 07 4785 0200, , bowenslsc@westnet.com.au, , The Esplanade- Queens Beach, Bowen, QLD, Queens Beach,4805
Sunshine Coast Branch, 07 3408 1188, , bribiesc@bigpond.com, , 2 First Avenue, Woorim, QLD, Woorim,4507
Misc TAS Clubs, , , secretary@bridportslsc.org.au, www.bridportslsc.org.au, Goftons Beach, Bridport, TAS, Goftons Beach,7262
Bayside (Area), , , secretary@brightonlsc.com.au, www.brightonlsc.com.au, The Esplanade (opposite Keith Court), Brighton, VIC, Middle Brighton,3186
Misc SA Clubs, , , info@brightonsurfclub.com, www.brightonsurfclub.com, The Esplanade, Brighton, SA, Brighton,5048
Surf Life Saving QLD Misc Branch,738468128,738468008, brisbane@lifesaving.com.au, http://www.lifesaving.com.au/brisbanelifesaving, 18 Manning Street, South Brisbane, QLD, ,4101
South Coast Branch (Qld), 07 5527 5154, 07 5538 1651, broadbeachslsc@bigpond.com, www.broadbeachslsc.com, 27 Broadbeach Boulevard, Broadbeach, QLD, Broadbeach,4218
Sydney Branch,293896500, , management@brontesurfclub.com.au, www.brontesurfclub.com.au, Bronte Road, Bronte, NSW, Bronte Beach,2024
Misc WA Clubs, , , broomeslsc@westnet.com.au, www.broomeslsc.com, Cable Beach Road, Cable Beach, WA, Cable Beach,6726
Far South Coast Branch,244716657, , brosslsc@bigpond.net.au, brouleesurfersslsc.org.au, Off The Southern End of Heath Street, Broulee, NSW, Bengello Beach(South Broulee/South),2537
Far North Coast Branch,266851273,266851273, admin@brunswickslsc.org, www.brunswickslsc.org, South Beach Road, Brunswick Heads, NSW, Brunswick Heads,2483
Sunshine Coast Branch, , , , , 29 The Esplanade. (Beach Access 299), Caloundra, QLD, Bulcock,4551
Illawarra Branch, , , bullisurfclub@gmail.com, www.bullisurfclub.com.au, Trinity Row, Bulli, NSW, Bulli Beach,2516
Wide Bay Capricorn Branch, 07 4159 2288, 07 4159 2288, admin@bundabergslsc.com.au, www.bundabergslsc.com.au, Nielson Park, Bargara, QLD, Nielsen Park,4670
Sydney Northern Beaches Branch, , , info@bunganbeachsurfclub.com, www.bunganbeachsurfclub.com.au, Lower Myola Road, Newport, NSW, Bungan Beach,2106
South Coast Branch (Qld), 07 5535 2419, 07 5520 1661, admin@burleighslsc.com.au, www.burleighslsc.com.au, Goodwin Terrace, Burleigh Heads, QLD, Burleigh Heads,4220
Misc TAS Clubs, 03 6431 2697, , secretary@burnieslsc.org.au, www.burnieslsc.org.au, West Beach, Burnie, TAS, West Beach,7320
Sydney Branch,419133990, , info@burningpalmsslsc.com.au, www.burningpalmsslsc.com.au, Royal National Park, , NSW, Burning Palms, 
Misc WA Clubs, , , bnslsc@mybeach.com.au, , , BUSSELTON, WA, Busselton Beach,6280
Far North Coast Branch, , , secretary@byronbaysurfclub.org, www.byronbaysurfclub.com.au, Bay Street, Byron Bay, NSW, Main Beach (Byron Bay),2481
Far North Coast Branch, 02 6676 1551, 02 6676 0944, admin@cabaslsc.org.au, www.cabaslsc.org.au, 7 Pandanus Parade, Cabarita Beach, NSW, Bogangar/Cabarita,2488
North Queensland Branch, 07 4059 1263, 07 4059 1362, surf.admin@cairnssurfclub.com.au, http://www.cairnslifesaving.org.au/, 135 Williams Esplanade, Palm Cove, QLD, Palm Cove,4879
Mid North Coast Branch, 02 6559 8592, , secretary@chslsc.com, www.chslsc.com, 128 The Parade, North Haven, NSW, Grants/North Haven Beach,2443
Lower North Coast Branch, 6555 5822, 6555 5822, curto@bigpond.net.au, wwww.capehawkeslsc.org.au, Palmgrove Place - One Mile Beach, FORSTER, NSW, One Mile Beach,2428
Bass (Area), , , secretary@cpslsc.org.au, www.capepatersonslsc.org, Surf Beach Road, Cape Paterson, VIC, Cape Paterson/First Surf,3995
Misc TAS Clubs, 03 62658102, , carltonpark@slst.asn.au, http://www.carltonparkslsc.com.au/, 1 Raprinner Street, Dodges Ferry, TAS, Carlton Beach,7173
Kingston (Area), 03 9776 0504, , Info@carrumslsc.com, www.carrumslsc.com, 15 Old Post Office Lane, Carrum, VIC, Carrum,3197
Hunter Branch, 02 4976 1217, , info@cathoslsc.org.au, www.cathoslsc.org.au, Flowers Drive, Catherine Hill Bay, NSW, Middle Camp Beach,2281
Hunter Branch,249711667,249715540, tonyjones7@outlook.com, www.cavesslsc.com.au, 131 Caves Beach Road, Caves Beach, NSW, Caves Beach,2281
Misc WA Clubs, 0428 382 285, , admin@champions.org.au, http://www.champions.org.au/, Foreshore Drive, GERALDTON, WA, Champion-St George Beach,6530
Kingston (Area), 03 9772 3029, , clslsc.secretary@gmail.com, www.chelseaslsc.com, The Strand, Chelsea, VIC, Chelsea,3196
Misc SA Clubs,885542047, , chitonrocks@gmail.com, http://www.chitonrocks.com, Hindmarsh Esplanade, Hayborough, SA, Boomer-Chiton Rocks,5211
Misc SA Clubs,88346445,883268969, cbeachlc@sa.chariot.net.au, www.christiesbeachslsc.com.au, Esplanade, Christies Beach, SA, Christies Beach,5165
Misc WA Clubs, 08 9721 3633, , surfclub@bunburyslsc.com.au, www.bunburyslsc.com.au, Ocean Drive, Bunbury, WA, Bunbury Beach,6230
Misc WA Clubs,893859232, , admin@citysurf.asn.au, www.citysurf.asn.au, 181- 183 Challenger Parade, City Beach, WA, City Beach,6015
Misc TAS Clubs, 03 62489 999, , cliftonbeachslsc@gmail.com, www.cliftonbeachslsc.com.au, Clifton Beach Road, Clifton Beach, TAS, Clifton Beach,7020
Sydney Branch, 02 9665 1441, 02 9315 7412, admin@clovellysurfclub.com.au, www.clovellysurfclub.com.au, End of Clovelly Rd, Clovelly, NSW, Clovelly Beach,2031
Illawarra Branch, , , clubcaptain@coalcliffslsc.com.au, www.coalcliffslsc.com.au, Surf Road, Coalcliff, NSW, Coalcliff Beach,2508
North Coast Branch, 02 6652 3245, , info@coffsharbourslsc.asn.au, www.coffsharbourslsc.asn.au, 23 Surf Club Road, Coffs Harbour, NSW, Park Beach,2450
Illawarra Branch, , , kevin.barlow@corrosionelectronics.com.au, www.coledalebeach.com.au, Lawrence Hargrave Drive, COLEDALE, NSW, Coledale Beach,2515
Sydney Northern Beaches Branch,299716633,299710751, collaroysecretary@gmail.com, www.collaroysurfclub.com.au, Pittwater Road, Collaroy, NSW, Collaroy Beach,2097
Community NSW Branch, , , , , , , , , 
Misc NT Clubs, , , , , , , , , 
Surf Life Saving QLD Misc Branch, , , , , , , , , 
Misc SA Clubs, , , , , , , , , 
Misc TAS Clubs, , , , , , , , , 
Misc WA Clubs, , , , , , , , , 
Surf Life Saving WA, , , , , , , , , 
Surf Life Saving NSW, , , , , , , , , 
Misc VIC Clubs, , , , , , , VIC, , 
South Coast Branch (Qld), , , sbhorsfall@optusnet.com.au, , Victoria Parade, Coochiemudlo Island, QLD, Main Beach,4184
Misc WA Clubs, 08 9494 1433, , clubadministrator@cbslsc.com.au, www.cbslsc.com.au, 20 Poore Grove, Coogee, WA, Coogee Beach,6166
Sydney Branch, 02 9665 5138, 02 9665 4925, admin@coogeeslsc.com.au, www.coogeesurfclub.com.au, Seddon Garden, Coogee, NSW, Coogee,2034
Hunter Branch, 02 4925 2828, , enquiries@cookshillsurfclub.com.au, www.cookshillsurfclub.com.au, Memorial Drive, Bar Beach, NSW, Bar Beach,2300
Point Danger Branch, 07 5536 8474, 07 5536 7061, office@coolangattaslsc.com.au, www.coolangattaslsc.com.au, Marine Parade, Coolangatta, QLD, Coolangatta,4225
Sunshine Coast Branch, 07 5446 1148,754716473, lifesaving@coolumsurfclub.com.au, www.coolumsurfclub.com.au, 1775-1779 David Low Way, Coolum Beach, QLD, Coolum,4573
Central Coast Branch, 02 4381 1420, , admin@copacabanaslsc.org.au, www.copacabanaslsc.org.au, Del Monte Place, Copacabana, NSW, Copacabana,2251
Illawarra Branch, , , corrimalsurfclub@gmail.com, , Lake Parade, Corrimal, NSW, Corrimal Beach,2518
Misc WA Clubs,893834400,893854963, admin@cottsurf.com, www.cottsurf.com.au, 87 Marine Parade, COTTESLOE, WA, Cottesloe Beach,6011
Sydney Branch,295235300,295273847, admin@cronullasurfclub.com, www.cronullasurfclub.com, Club House 1st Floor The Esplanade, Cronulla, NSW, Cronulla Beach,2230
Lower North Coast Branch,265561325, , admin@crowdyheadslsc.org.au, www.crowdyheadslsc.org.au, 559 Crowdy Head Road, Crowdy Head, NSW, Crowdy Beach,2427
Far North Coast Branch, 02 66741573, 02 66743388, admin@cudgenslsc.org.au, www.cudgenslsc.org.au, 61 Marine Parade, Kingscliff, NSW, Dreamtime/Kingscliff/Cudgen,2487
Point Danger Branch, 07 5534 2241, 07 5534 7111, administrator@currumbinslsc.com.au, www.currumbinslsc.com.au, Pacific Parade, Currumbin, QLD, Currumbin,4223
Misc WA Clubs, , , dpslsc@mybeach.com.au, http://www.dalyellupslsc.com.au/, Beach End Dalyellup BLVD, Dalyellup, WA, Dalyellup,6230
Misc NT Clubs,889450447, , darwinslsc@iinet.net.au, www.darwinsurfclub.com.au, Lot 9316 Daribah Road, BRINKIN, NT, Casuarina Beach,810
Sydney Northern Beaches Branch, 02 9971 8047, 02 9971 7334, secretary@dyslsc.org.au, www.dyslsc.org.au, The Strand- Dee Why Beach, DEE WHY, NSW, Dee Why,2099
Misc WA Clubs,898482346, , denmarksurf@westnet.com.au, www.denmarksurf.com.au, Ocean Beach Road, Denmark, WA, Ocean Beach,6333
Misc TAS Clubs, 036424 6797, , mail@devonportsurfclub.asn.au, www.devonportsurfclub.asn.au, 39 Bluff Road (Box 157), Devonport, TAS, Bluff Beach,7310
Sunshine Coast Branch, 07 5491 5742, 07 5438 2152, lifesaving@dickybeachsurfclub.com, www.dickybeachsurfclub.com, 1a Coochin Street, Dicky Beach, QLD, Dicky,4551
Hunter Branch, 024926 2422, , administration@dixonparkslsc.com.au, www.dixonparkslsc.com.au, Ocean Street, MEREWETHER, NSW, Dixon Beach,2291
Misc WA Clubs, , , rod@edwardspartners.com.au, , Whitetops Road, Port Denison, WA, Dongara,6525
Peninsula (Area), 035981 4982, , dblsc@optusnet.com.au, www.dromanabay.org, 250 Point Nepean Road, Dromana, VIC, Dromana,3936
Kingston (Area), 03 9772 3968, , secretary_elsc@hotmail.com, www.edithvalelsc.com.au, The Esplanade, Edithvale, VIC, Edithvale,3196
North Barrier Branch, 07 49696680, 07 49696680, eimeoslsclub@bigpond.com, www.eimeoslsc.com.au, Eimeo Esplanade, Eimeo, QLD, Eimeo,4740
Wide Bay Capricorn Branch, 07 41550110, 07 41521545, ehslsc@ehslsc.net.au, www.ehslsc.net.au/, Opposite Caravan Park, Elliott Heads, QLD, Elliott Heads,4670
North Queensland Branch, 07 4055 3695, 07 4059 1634, ellis.slsc@bigpond.com, www.ellisbeachslsc.com, Captain Cook Highway, Ellis Beach, QLD, Ellis,4879
Sydney Branch,295237295,295444398, info@elouera.com, www.elouera.com, Mitchell Rd, Cronulla, NSW, Elouera Beach,2230
Port Phillip (Area), 03 9531 5755, , elsc11ef@bigpond.net.au, www.elwoodlsc.com, 11 Elwood Foreshore, Elwood, VIC, Elwood,3184
Wide Bay Capricorn Branch, 07 4939 6207, 07 4939 6999, secretary@emuparkslsc.com.au, www.emuparkslsc.com.au, 3 Keppel Street, Emu Park, QLD, Emu Park,4710
Sydney Branch, , , weedenkelly@gmail.com, , 17 Coora Rd, Yowie Bay, NSW, South Era Beach,2228
Misc WA Clubs,890720087, , egslsc@gmail.com, , Loc 2102 Twilight Beach Rd, Esperance, WA, Fourth-Surfers-Twilight Beach,6450
North Queensland Branch, 07 40632237, , alanaw65@bigpond.com, , Etty Bay Road, Innisfail, QLD, Etty Bay,4860
Far North Coast Branch, 02-66824277, , evanssurflifesaving@bigpond.com, www.evanssurf.org.au, 1 Captain Cook Drive, EVANS HEAD, NSW, Evans Head,2473
Surf Coast (Area), , , info@fairhavenslsc.org, www.fairhavenslsc.org, Cnr Great Ocean Road and Yarringa Road, Fairhaven, VIC, ,3231
Illawarra Branch,242840431,242841852, admin@fairymeadowslsc.com, www.fairymeadowslsc.com, Elliots Road, Fairy Meadow, NSW, Towradgi/Fairy Meadow,2519
Surf Life Saving NSW, , , admin@surflifesavingfnc.com, www.slsfnc.com.au, Shelly Beach, Ballina, NSW, ,2478
Surf Life Saving NSW,401361822, , doafscsls@gmail.com, , , , Unknown, , 
Hunter Branch,413089131, , secretary@fingalbeachslsc.com, www.fingalbeachslsc.com, 3 Marine Drive, Fingal Bay, NSW, Fingal Beach,2315
Far North Coast Branch, 0419 379360, , secretary@fingalroversslsc.com.au, www.fingalroversslsc.com.au, Cnr Prince St and Marine Parade, FINGAL HEAD, NSW, Letitia Spit,2487
Life Saving Victoria, , , , , , , Unknown, , 
Misc WA Clubs, 08 9385 9370, 08 9385 9370, admin@floreatslsc.com, http://floreatslsc.com, Challenger Parade, City Beach, WA, Floreat-Scarborough-Trigg,6015
North Barrier Branch, 07 4777 8966, , cmcantoni@bigpond.com, http://www.fbslsc.org, 9 Palm Street, Allingham, QLD, Forrest Beach,4850
Lower North Coast Branch, , , admin@forsterslsc.com, , Cnr Beach and North Street, Forster, NSW, Forster Beach,2428
Kingston (Area), 03 9783 9730, , president@frankstonlsc.com.au, www.frankstonlsc.com.au, 1 Long Island Drive, Frankston, VIC, Frankston,3199
Misc WA Clubs,893354359, , fmslsc@fremantlesurfclub.com.au, fremantlesurfclub.com.au, 20 Leighton Beach Boulevard, North Fremantle, WA, Leighton Beach,6159
Sydney Northern Beaches Branch, 02 9905 3741, 02 9905 6465, exo@freshwaterslsc.com, www.freshwaterslsc.com, Kooloora Ave, Freshwater, NSW, Freshwater Beach,2096
Sydney Branch, , , admin@garieslsc.com, www.garieslsc.com.au, Garie Beach - Garie Beach Rd, , NSW, Garie Beach, 
Misc WA Clubs,899213403,899213403, surfclub@geraldtonslsc.com, www.geraldtonslsc.com, 260 Wilcock Drive, Geraldton, WA, Tarcoola-Back Beach (Mahomets),6530
South Coast Branch (NSW), 0405 101 755, 0405 101 755, hello@gerringongsurfclub.com, gerringongsurfclub.com, Pacific Avenue (Southern End), Werri Beach, NSW, Werri Beach,2534
Life Saving Victoria, , , , , , , Unknown, , 
Misc SA Clubs,82956165, , secretary@glenelgslsc.com.au, www.glenelgslsc.com.au, The Foreshore, Glenelg, SA, Glenelg,5045
Gippsland (Area), 03 5146 3354, , surfclub@goldenbeachgippsland.com.au, , 124 Shoreline Drive, Golden Beach, VIC, Golden,3851
Misc SA Clubs, , , goolwasls@hotmail.com, http://www.goolwaslsc.com.au/, Beach Road, Goolwa, SA, Goolwa,5214
Misc NT Clubs,889872589, , govesurfclub@gmail.com, http://goveslsc.org, Town Beach, Nhulunbuy, NT, Gadalathami/Town,880
Misc SA Clubs, , , mail@grangeslsc.asn.au, www.grangeslsc.asn.au, 497 Esplanade, Grange, SA, Grange,5022
Peninsula (Area), 03 5988 6330, , info@gunnamattaslsc.com.au, www.gunnamattaslsc.com.au, Truemans Road, Rye, VIC, Gunnamatta, 
Bayside (Area), 03 9598 0399, , petejane@netspace.net.au, www.halfmoonbayslsc.com.au, Cerberus Way, Black Rock, VIC, Half Moon Bay,3193
Bayside (Area), 03 9598 0600, , info@hlsc.org.au, www.hlsc.org.au, Beach Road (250M North of Small St), Hampton, VIC, Hampton,3188
Mid North Coast Branch,265677562, , hatheadslsc@gmail.com, hatheadslsc.org.au, Myrtle St, Hat Head, NSW, Hat Head,2440
Illawarra Branch, (02) 4294-1223, , hsp@stanwellparksurfclub.com, www.stanwellparksurfclub.com, Lot 20 Beach Road, Stanwell Park, NSW, Stanwell Park,2508
Misc SA Clubs, , , membership@henleyslsc.com.au, www.henleyslsc.com.au, 246 The Esplanade, Henley Beach, SA, Henley,5022
Wide Bay Capricorn Branch, 07 4125 1718, , hbslsc@herveybaysurfclub.com.au, www.herveybaysurfclub.com.au, The Esplanade, Torquay, QLD, Scarness-Torquay,4655
Surf Life Saving NSW, 02 4961 4533, , info@hsls.org.au, www.hsls.org.au, 1/6 Revelation Close, Tighes Hill, NSW, ,2297
Bass (Area), , , info@islsc.org.au, islsc.org.au, 163 Surf Parade, Inverloch, VIC, Main (Surf Beach),3996
Surf Coast (Area), 03 5261 2755, 03 5261 2755, info@janjucsurfclub.com.au, janjucsurfclub.com.au, Clubhouse Road, Jan Juc, VIC, Jan Juc,3228
Sunshine Coast Branch, 07 5444 8642, , surfadmin@kawanasurfclub.com.au, www.kawanasurfclub.com.au, 99 Pacific Boulevard, Buddina, QLD, Kawana,4575
Mid North Coast Branch, , , mauriefuller@gmail.com, http://crescentheadslsc.com.au/,367, Crescent Head, NSW, Killick Beach,2440
Otway (Area),408419812, , jason_menz@tac.vic.gov.au, , Great Ocean Road, Kennett River, VIC, Kennett River,3234
South Coast Branch (NSW),242378580, , club@kiamadownssurf.com, www.kiamadownssurf.com, 150 North Kiama Drive, Kiama Downs, NSW, Jones/Boyds Beach,2533
South Coast Branch (NSW), 02 4232 2038, , secretary@kiamaslsc.com.au, www.kiamaslsc.com.au, Manning Street, Kiama, NSW, Surf Beach,2533
Central Coast Branch, , , killcareslsc@thelofbergs.com, www.killcaresurfclub.com.au, Beach Drive, KIllcare, NSW, Putty/Killcare Beach,2257
Misc TAS Clubs, , , kingstonbeachslsc@gmail.com, www.kingstonbeachslsc.com.au, 25A Osbourne Esplanade, Kingston Beach, TAS, Kingston Beach,7050
Life Saving Victoria, , , , , , , Unknown, , 
Point Danger Branch, 07 5599 3524, , kirra@kirraslsc.com, www.kirraslsc.com, 15 Marine Parade, Coolangatta, QLD, Kirra,4225
South Coast Branch (Qld), 07 5527 5660, 07 5527 5566, surfadmin@kurrawasurf.com.au, www.kurrawasurf.com.au, Old Burleigh Road, Broadbeach, QLD, Kurrawa,4218
Gippsland (Area), , , info@lakesentrancesurflifesaving.org.au, www.lakesentrancesurflifesaving.org.au, The Hummocks Main Beach (Cunninghame Arm Bridge), Lakes Entrance, VIC, Eastern,3909
Misc TAS Clubs, 6348 7590, 6327 3773, launcestonslsc@slst.asn.au, , Trevallyn Dam, Trevallyn, TAS, Trevalyn Dam,7250
Far North Coast Branch,266877380, , lennoxsurfclub@bigpond.com, www.lennoxsurfclub.com.au, Pacific Pde, Lennox Head, NSW, Seven Mile Beach/Lennox Head,2478
Surf Life Saving Australia, 03 9676 6930, 03 9676 6932, lifesavingoperations@lifesavingvictoria.com.au, www.lifesavingvictoria.com.au, 200 The Boulevard, Port Melbourne, VIC, ,3207
Misc VIC Clubs, , , , , , , VIC, , 
Sydney Northern Beaches Branch, 02 80784728, 02 80784728, longreef@longreef.com, www.longreef.com, Pittwater Rd Long Reef Beach, Collaroy, NSW, Long Reef Beach,2097
Surf Coast (Area), 03 5289 1724, , club_administrator@lornesurfclub.com.au, www.lornesurfclub.com.au, Mountjoy Parade, LORNE, VIC, Lorne,3232
Surf Life Saving NSW, , , admin@slslnc.org.au, www.slslnc.org.au, , , NSW, ,2428
Misc SA Clubs, , , lyn.mclachlan@stjohnsa.com.au, , 46 Penola Road, MOUNT GAMBIER, SA, ,5290
North Barrier Branch, 07 4955 5630, , mackayslsc@bigpond.com, www.mackayslsc.com.au, East Point Road- Mackay Harbour Beach, Mackay, QLD, Mackay,4740
Mid North Coast Branch,265698498, , admin@macksvillescottsheadslsc.com, www.macksvillescottsheadslsc.com, Scotts Head Reserve- Short Street, Scotts Head, NSW, Forster (South)/Scotts Head,2447
Central Coast Branch, , , macmastersslsc@gmail.com, www.macmastersbeachslsc.com, 100 Marine Parade, MacMasters Beach, NSW, Macmasters Beach,2251
Gippsland (Area), , , wood-ingram.rory.j@edumail.vic.gov.au, , Lees Road (SES Shed), Mallacoota, VIC, Main - Bastion Point,3892
Misc WA Clubs, 08 95181419, , mhslsc@mybeach.com.au, www.mandurahslsc.asn.au, 40 Orestes St, San Remo, WA, San Remo,6210
Sydney Northern Beaches Branch, 02 9977 2742, 02 9977 6101, admin@manlylsc.com, www.manlylsc.com, Manly Surf Pavilion Cnr Ashburner Street and South Steyne, Manly, NSW, Manly Beach,2095
Sunshine Coast Branch, 07 5448 7311, 07 5448 9321, administrator@marcoolaslsc.com.au, www.marcoolaslsc.com.au, 64 - 76 Marcoola Esplanade, Marcoola, QLD, Marcoola,4564
Misc WA Clubs, , , mrslsc@mybeach.com.au, , , , WA, Margaret River mouth, 
Sunshine Coast Branch, 07 5443 1323, 07 5443 8963, lifesaving@maroochysurfclub.com.au, www.maroochysurfclub.com.au, 34-36 Alexandra Parade, Maroochydore, QLD, Maroochydore,4558
Sydney Branch,293491336, , maroubra@bigpond.net.au, www.maroubraslsc.com.au, Marine Parade, Maroubra, NSW, Maroubra Beach (north),2035
Kingston (Area), , , membershipmlsc@gmail.com, www.mentonelsc.com, Beach Road Opposite Kitchener Street, Mentone, VIC, Mentone,3194
Hunter Branch,249637972, , mslsc.secretary@gmail.com, www.merewetherslsc.com.au, Cnr John Parade and Watkins Street, Merewether, NSW, Merewether Beach,2291
South Coast Branch (Qld),755753668,755752489, admin@mermaidslsc.org.au, www.mermaidslsc.org.au, 172 Hedges Avenue, Mermaid Beach, QLD, Mermaid Beach,4218
Sunshine Coast Branch, 07 5491 1081, 07 5492 5730, info@caloundrasurfclub.com.au, www.caloundrasurfclub.com.au, 1 Spender Lane - Kings Beach, Caloundra, QLD, Kings (Caloundra),4551
South Coast Branch (Qld), 07 5572 0353, , mbslsc2@bigpond.com, http://www.miamibeachslsc.com.au, 2 Hythe Street, Miami, QLD, Miami Beach,4220
Western (Area), , , president@milduralifesaving.com, , 582 Cureton Avenue, Mildura, VIC, Apex Park Sandbar,3500
Misc NT Clubs, , , admin@mindilbeachslsc.org.au, www.mindilbeachslsc.org.au, Maria Liveris Drive, Larrakeyah, NT, Mindil Beach,820
North Coast Branch, 02 66498100, , mail@mwwslsc.org.au, www.mwwslsc.org.au, N/A, , NSW, Minnie Water,2460
Surf Life Saving NT, 08 8985 6588, , surf@lifesavingnt.com.au, www.lifesavingnt.com.au, 62 Aralia Street, Nightcliff, NT, ,810
Surf Life Saving SA, , , , , , , , , 
Surf Life Saving TAS, , , , , , , , , 
Life Saving Victoria, , , , , , , VIC, , 
Surf Life Saving WA, , , , , , , WA, , 
North Queensland Branch,429689097, , missionbeachslsc@gmail.com, , 154 Kennedy Esplanade, Mission Beach, QLD, Mission Beach,4852
Misc SA Clubs, 08 8386 0873, 08 8386 0864, secretary@moanaslsc.com.au, www.moanaslsc.com.au, The Esplanade, Moana, SA, Moana,5169
South Coast Branch (NSW), 02 4455 2725, , admin@mollymooksurf.com.au, www.mollymooksurf.com.au, Ocean Street, Mollymook, NSW, Mollymook,2539
Sydney Northern Beaches Branch, (02)99993614, , admin@monavaleslsc.org.au, www.monavaleslsc.org.au, 1 Surfview Road, MONA VALE, NSW, Mona Vale Beach,2103
Sunshine Coast Branch,754523737,754444999, lifesavers@thesurfclub.com.au, www.thesurfclub.com.au, The Esplanade, Mooloolaba, QLD, Mooloolaba,4557
Wide Bay Capricorn Branch, 07 4159 8274, , mooreparkslsc@bigpond.com, http://www.mooreparkslsc.com.au, 1 Surf Club Drive, Moore Park Beach, QLD, Moore Park,4670
Kingston (Area), 03 9580 3602, , info@mlsc.com.au, www.mlsc.com.au, Beach Road, Mordialloc, VIC, Mordialloc,3195
Life Saving Victoria, , , , , , , Unknown, , 
Peninsula (Area), 03 5975 8296, , admin@morningtonlsc.com, www.morningtonlsc.com, 1a Mills Beach, Mornington, VIC, Mills Beach,3931
Far South Coast Branch, 02 4474 2674, , president@moruyasurf.org.au, www.moruyasurf.org.au, Coronation Drive, Moruya Heads, NSW, Moruya (Heads) Beach,2537
Peninsula (Area), 03 5974 4140, , admin@mmlsc.com.au, www.mmlsc.com.au, The Esplanade, Mount Martha, VIC, Mount Martha Point,3934
Sunshine Coast Branch, 07 5448 7080, , admin@mudjimbasurf.com.au, www.mudjimbasurf.com.au, 20 Mudjimba Esplanade, Mudjimba, QLD, Mudjimba,4564
Misc WA Clubs, 08 9307 7766, , info@mullaloosurf.com.au, www.mullaloosurf.com.au, 11 Oceanside Promenade, Mullaloo, WA, Whitfords-Mullaloo Beach,6027
North Coast Branch, , , missmorro@hotmail.com, , 1 Main Beach Road, Nambucca Heads, NSW, Main Beach (Nambucca Heads)5,2448
Far South Coast Branch, 02 4476 1745, , naroomasurf@yahoo.com.au, www.naroomasurfclub.org.au, Ballingalla St, Narooma, NSW, Narooma Beach,2546
Sydney Northern Beaches Branch, 02 9913 7616, 02 9970 8838, admin@narrabeach.org.au, www.narrabeach.org.au, `Lions Park` Ocean Street, Narrabeen, NSW, Narrabeen Beach6,2101
Point Danger Branch, 07 5535 7264, , secretary@neptunerlsc.com, www.neptunerlsc.com, Tallebudgera Creek, Palm Beach, QLD, Tallebudgera Creek,4221
Hunter Branch, , , jameselliott.aus@gmail.com, www.newcastleslsc.com.au, Shortland Esplanade, Newcastle, NSW, Newcastle Beach,2300
Sydney Northern Beaches Branch, 02 9997 5116, , admin@newportsurfclub.com.au, www.newportsurfclub.com.au, 394 Barrenjoey Road, Newport, NSW, Newport Beach,2106
South Coast Branch (Qld),755261117, , office@nobbysbeachslsc.com, , Cr Lavarack Rd and Albatross Ave, Nobby Beach, QLD, Nobbys Beach,4218
Hunter Branch, , , nobbysslsc1923@gmail.com, www.nobbysslsc.org.au, Cnr Nobbys Road and Shortland Esplanade, Newcastle, NSW, Nobbys Beach,2300
Sunshine Coast Branch, 07 5448 0900, 07 5448 0866, admin@noosasurfclub.com.au, http://www.noosasurfclub.com.au, 69 Hasting Street, Noosa Heads, QLD, Noosa,4567
Misc SA Clubs,885582699, , info@normanvilleslsc.org.au, www.normanvilleslsc.org.au, Beachfront- Jetty Road, Normanville, SA, Normanville,5204
Central Coast Branch,24384360, , office@northavocaslsc.com.au, www.northavoca.com.au, North Avoca Parade, North Avoca, NSW, North Avoca,2260
Surf Life Saving QLD, 07 47662200, 07 4774 1144, nbbslsq@lifesaving.com.au, www.nbbsurflifesaving.com.au, 5 Marlow Street, Pallarenda, QLD, ,4810
Sydney Branch, 02 9130 7677, , office@northbondisurfclub.com, www.northbondisurfclub.com, Cnr Ramsgate Ave and Campbell Pde, NORTH BONDI, NSW, North Bondi Beach,2026
South Coast Branch (Qld), 07 5576 1604, 07 5576 2016, office@northburleighslsc.com.au, www.northburleighslsc.com.au, Cnr Kratzmann Ave and The Esplanade, Miami, QLD, North Burleigh,4220
Surf Life Saving NSW, 02 66531700, , presidentslsnc@bigpond.com, www.slsnorthcoast.com, 45 Fourth Avenue, Sawtell, NSW, ,2452
Misc WA Clubs, 08 9284 2626, , office@ncslsc.com, www.ncslsc.com, 151 Marine Parade, Cottesloe, WA, Cottesloe,6011
Sydney Branch, 02 9523 5846, 02 9544 0021, admin@northcronullaslsc.com.au, www.northcronullaslsc.com.au, Corner Prince Street and Mitchell Road, Cronulla, NSW, North Cronulla Beach,2230
Sydney Northern Beaches Branch, 02 9905 8671, , administration@nccslsc.com.au, www.nthcurlcurlslsc.com.au, Huston Parade, North Curl Curl, NSW, North Curl Curl Beach,2099
Central Coast Branch, 02 4334 3755, , neslsc@yahoo.com.au, www.northentranceslsc.com.au, 77 Hutton Rd, The Entrance North, NSW, Tuggerah/North Entrance Beach,2261
Misc SA Clubs, , , general@northhavenslsc.com.au, www.northhavenslsc.com.au, 44 Australia II Drive, North Haven, SA, North Haven,5018
Point Danger Branch, 07 5536 2876, 07 5536 2174, surfclub@northkirra.com.au, , Pacific Parade, Coolangatta, QLD, North Kirra,4225
Sydney Northern Beaches Branch, 02 9913 8810, 02 9970 6936, admin@northnarra.org.au, www.northnarra.org.au, 2 Malcolm Street, North Narrabeen, NSW, North Narrabeen Beach,2101
Sydney Northern Beaches Branch, (02) 99741224, (02) 99741425, office@northpalmbeach.com.au, www.northpalmbeach.com.au, Governor Phillip Park, Palm Beach, NSW, North Palm Beach,2108
Sydney Northern Beaches Branch, 02 9977 6180, 02 9977 6227, admin@northsteyneslsc.com.au, www.northsteyneslsc.com.au, North Steyne, Manly, NSW, North Steyne,2095
Life Saving Victoria, , , , , , , Unknown, , 
Illawarra Branch, (02) 42297387, (02) 42294399, the_office@nwslsc.com.au, http://www.nwslsc.com, 1A Cliff Rd, North Wollongong, NSW, North Wollongong Beach,2500
South Coast Branch (Qld), 07 5539 8091, 07 5531 7071, info@northcliffesurfclub.com.au, http://www.bmdnorthcliffe.com.au/index.vm, Cnr Garfield Tce and Thornton St, Surfers Paradise, QLD, Northcliffe,4217
South Coast Branch (NSW), 02 4447 2038, , secretary@nowraculburraslsc.asn.au, nowraculburraslsc.asn.au, Farrant Avenue-, CULBURRA BEACH, NSW, Warrain Beach,2540
Central Coast Branch, 02 4344 2800, , office@oceanbeachslsc.com, oceanbeachslsc.com, 176 Trafalgar Avenue, UMINA BEACH, NSW, Ocean Beach,2257
Geelong (Area), 03 5255 1382, , honsecretary@oceangroveslsc.asn.au, www.oceangroveslsc.asn.au, Surf Beach Road, Ocean Grove, VIC, Ocean Grove,3226
Life Saving Victoria, , , , , , , Unknown, , 
Lower North Coast Branch, 02 6554 0468, , administration@pacificpalmsslsc.org.au, www.PacificPalmsSLSC.org.au, Lakeside Crescent, Pacific Palms, NSW, Elizabeth,2428
Point Danger Branch, 07 5535 0350, 07 5576 1857, office@pacificslsc.com, www.pacificslsc.com, 1291 Gold Coast Highway, Palm Beach, QLD, Pacific,4221
Sydney Northern Beaches Branch,299741288,299741167, office@palmbeachslsc.com, www.palmbeachslsc.com, 31-32 Ocean Rd, Palm Beach, NSW, Palm Beach,2108
Point Danger Branch, 07 5534 2180, 07 5598 4266, administrator@palmbeachsurfclub.com.au, www.palmbeachsurfclub.com.au, 117 Jefferson Lane, Palm Beach, QLD, Palm Beach,4221
Far South Coast Branch, 02 64956224, , secretary@pambulasurf.org.au, www.pambulasurf.org.au, Pambula Beach Road, Pambula Beach, NSW, Pambula Beach,2549
Misc TAS Clubs,364372639, , penguinlifesaving@bigpond.com, , Preservation Drive, Preservation Bay, TAS, Preservation Bay,7316
Sunshine Coast Branch,754481728,754482860, , , Kingfisher Drive, Peregian Beach, QLD, Peregian,4573
Surf Life Saving QLD, 07 5534 6077, 07 5598 2349, pdbsurf@slsqpointdanger.com.au, www.slsqpointdanger.com.au, Currumbin Creek Road, Currumbin, QLD, ,4223
Peninsula (Area), , , admin@pointleoslsc.com.au, www.pointleoslsc.com.au, Western Parade, Point Leo, VIC, Point Leo Surf,3916
Geelong (Area), 03 5258 1257, , info@pointlonsdaleslsc.asn.au, www.pointlonsdaleslsc.asn.au, (Clubrooms) 54 Ocean Road, Point Lonsdale, VIC, Point Lonsdale (Back) Surf,3225
South Coast Branch (Qld), 0428 771 377, , admin@pointlookoutslsc.com.au, http://www.pointlookoutslsc.com.au, 24 Kennedy Drive, Point Lookout, QLD, Point Lookout,4183
Misc WA Clubs, 08 9582 8727, , admin@portbouvardslsc.com.au, www.portbouvardslsc.com.au, Pyramids Beach, Dawesville, WA, Pyramids,6211
Western (Area),355986275,355986666, secretary@pcslsc.org.au, www.pcslsc.org.au, Cairns Street, PORT CAMPBELL, VIC, Port Campbell,3269
North Queensland Branch, 07 4099 5360, 07 4099 6324, pdslsc@bigpond.com, http://www.facebook.com/PortDouglasSurfLifesavingClub, The Esplanade, Port Douglas, QLD, Port Douglas (Four Mile),4877
Misc SA Clubs, 08 8554 3155, , peslsc01@bigpond.net.au, www.portelliotslsc.com.au, Horseshoe Bay, Port Elliot, SA, Port Elliot,5212
Western (Area), 03 5568 2246, , pfslsc@bigpond.com, www.portfairyslsc.org.au, Beach Street / Hughes Avenue, Port Fairy, VIC, Port Fairy,3284
Illawarra Branch, 0498 492 590, , noel.gracie@icloud.com, www.portkemblasurfclub.com.au, Lot 1 Cowper Street, PORT KEMBLA, NSW, Perkins,2505
Mid North Coast Branch,265831555, , secretary@pmslsc.com.au, http://www.pmslsc.com.au, 35 Tuppenny Road, Port Macquarie, NSW, Flynns Beach,2444
Port Phillip (Area), 03 9646 8773, 03 9646 8773, president@portmelblsc.com.au, www.portmelblsc.com.au, 38 Beaconsfield Parade, Port Melbourne, VIC, Port Melbourne,3207
Misc SA Clubs,883821376, , secretary.pnslsc@live.com.au, pnslsc.com.au, cnr Saltfleet St and Esplanade, Port Noarlunga, SA, Port Noarlunga,5167
Life Saving Victoria, , , , , , , Unknown, , 
Misc TAS Clubs, 03 6428 6324, , portsorellslc@gmail.com, http://www.portsorellsurflifesavingclub.com.au/, Freers Beach, Hawley Beach, TAS, Port Sorell,7307
Misc WA Clubs, , , portwalcottsls@gmail.com, , Boat Beach Rd, Wickham, WA, ,6720
Western (Area), 03 5526 7233, , portlandslsc@gmail.com, , Bridgewater Road, Cape Bridgewater, VIC, Bridgewater Bay Surf,3305
Peninsula (Area),423697734, , contact@portseasurf.com.au, www.portseasurf.com.au, Portsea Ocean Beach, Portsea, VIC, Portsea (Back),3944
Sydney Northern Beaches Branch, 02 99772326, , admin@queenscliffslsc.org.au, www.queensie.com, North Steyne Road, Manly, NSW, Queenscliff Beach,2095
Misc WA Clubs,893051870,893051874, quinnsmindarie@bigpond.com, www.quinnssurfclub.com, Cnr Ocean Drive and Quinns Road, Mindarie, WA, Quinns Rocks,6030
Point Danger Branch, 07 5536 6390, 07 5536 6365, admin@rainbowbayslsc.com, www.rainbowbayslsc.com, 2 Snapper Rocks Road, Coolangatta, QLD, Rainbow Bay,4225
Sunshine Coast Branch, 07 5486 3249, 07 5486 3017, surf@rainbowbeachsurf.com.au, www.rainbowbeachsurf.com.au, Wide Bay Esplanade, Rainbow Beach, QLD, Rainbow Beach,4581
North Coast Branch,419519906, , redrockslsc@bigpond.com, www.rrcslsc.org, Lawson Street, Red Rock, NSW, Red Rock (North),2456
Sunshine Coast Branch, 07 3284 4105, , redcliffeslsc@gmail.com, www.redcliffeslsc.com.au, Lot 1 Marine Parade, Redcliffe, QLD, Suttons-Margate,4020
Hunter Branch, 02 4942 6633, , redheads@redheadslsc.com, www.redheadslsc.com, Beach Road, REDHEAD, NSW, Redhead Beach,2290
Misc SA Clubs, , , sally@robehouse.com.au, , , , SA, , 
Peninsula (Area), 03 5986 1492, , baker7@bigpond.net.au, , Point Nepean Road, McCrae, VIC, Rosebud,3938
Surf Life Saving QLD, , , , , , , , , 
Far North Coast Branch,432483206, , secretary@saltsurfclub.com.au, www.saltsurfclub.com.au, Bells Boulevard- Salt Village, Kingscliff, NSW, BOGANGAR/CABARITA,2487
Illawarra Branch, , , secretary@sandonpointsurfclub.org.au, www.sandonpointsurfclub.org.au, Point Street, Bulli, NSW, Sandon Point Beach,2516
Port Phillip (Area), 03 9820 6313, 03 9820 4089, email@sandridge.org.au, www.sandridge.org.au, 240 The Boulevard, Port Melbourne, VIC, Sandridge,3207
Bayside (Area), 03 9598 2340, , president@sandringhamlsc.com.au, , Beach Road, Sandringham, VIC, Sandringham,3191
North Barrier Branch, 07 49566476, , lifesaving@sarinasurfclub.com.au, www.sarinasurfclub.com.au, 2B Owen Jenkins Drive, Sarina Beach, QLD, Sarina,4737
North Coast Branch, , , secretary@sawtellsurfclub.com.au, www.sawtellsurfclub.com.au, Fourth Ave, SAWTELL, NSW, Sawtell Beach,2452
Misc TAS Clubs,363722966, , sallyy@skymesh.com.au, , Dune Street, Scamander, TAS, Wrinklers Beach,7215
Misc WA Clubs, 08 9341 1011, , adminofficer@scarboro.com.au, www.scarboro.com.au, The Esplanade, SCARBOROUGH, WA, Floreat-Scarborough-Trigg,6019
Illawarra Branch, , , info@scarboroughwombarraslsc.org, www.scarboroughwombarraslsc.org, Monash Street, Wombarra, NSW, Scarborough Beach,2515
Misc SA Clubs, , , tanyaevans7@bigpond.com, www.seacliffslsc.com.au, 248 Esplanade, Seacliff, SA, Seacliff,5049
Kingston (Area),412201152, 039562 9009, admin@seafordlsc.com.au, www.seafordlsc.com.au, Nepean Highway (Opp. Station Street), Seaford, VIC, Seaford,3198
Gippsland (Area), , 03 5144 3416, graceduffield@ymail.com, www.seasprayslsc.com, Foreshore Road / Lyon Street, Seaspray, VIC, Seaspray,3851
Misc WA Clubs, 08 9524 7092, , admin@secretharbourslsc.com, www.secretharbourslsc.com, Palermo Cove, Secret Harbour, WA, Secret Harbour,6173
Misc SA Clubs,884498088, , sslsc@bigpond.net.au, www.semaphoreslsc.com.au, Point Malcolm Reserve- Military Rd, SEMAPHORE PARK, SA, Semaphore,5019
South Coast Branch (NSW), 0242 966211, , info@shellharboursurfclub.com, www.shellharboursurfclub.com, Corner Wollongong and Beach Street, Shellharbour, NSW, Shellharbour North/Nuns Beach,2529
Central Coast Branch, 4332 1623, , blondenz@optusnet.com.au, www.shellybeachsurfclub.com, 75 Shelly Beach Road, SHELLY BEACH, NSW, Shelly Beach,2261
South Coast Branch (NSW), 02 4448 7293, , secretary@headssurf.com.au, www.headssurf.com.au, McIntosh St, Shoalhaven Heads, NSW, Seven Mile Beach,2535
Surf Life Saving QLD, , , , www.sls.com.au, , , Unknown, , 
SLSA Events Branch, 02 9215 8000, , events@slsa.asn.au, www.sls.com.au, North KirraSLSC, Bilinga, QLD, North Kirra,4225
Surf Life Saving QLD Misc Branch, , , , , , , Unknown, , 
Misc WA Clubs, , , admin@sbslsc.com.au, www.sbslsc.com.au, Smiths Beach Road, Yallingup, WA, Smiths Beach,6282
Central Coast Branch, 02 4396 4376, , admin@soldiersbeachsurfclub.com.au, www.soldiersbeachsurfclub.com.au, Soldiers Point Drive, NORAH HEAD, NSW, Soldiers Beach,2263
Misc TAS Clubs, 03 6435 1627, , somersetslsc@slst.asn.au, , Esplanade, Somerset, TAS, Somerset Beach,7322
Misc SA Clubs, 08 8298 7112, , info@somertonslsc.org.au, www.somertonsurfclub.com.au, Cnr Repton Road and Esplanade, Somerton Park, SA, Somerton,5044
Misc WA Clubs, 08 9448 1431, , admin@sorrentoslsc.org.au, www.soslsc.com, 189 West Coast Drive, Sorrento, WA, Sorrento Beach,6020
Peninsula (Area), , , lifesaving@sorrentoslsc.com, www.sorrentoslsc.com, 250 Ocean Bech Road, Sorrento, VIC, Sorrento Ocean (Back),3943
Life Saving Victoria, , , , , , , Unknown, , 
Surf Life Saving QLD, 07 5566 1000, 07 5535 3246, southcoastbranch@lifesaving.com.au, http://slsqsouthcoast.com.au/, 178 Hedges Avenue, Mermaid Beach, QLD, ,4218
Surf Life Saving NSW, , , scsls@bigpond.net.au, southcoastbranch.com.au, , , Unknown, , 
Sydney Northern Beaches Branch, 02 9938 5430, , mail@southcurlcurlslsc.org, www.southcurlcurlslsc.org, Carrington Parade, Curl Curl, NSW, South Curl Curl Beach,2096
Sydney Branch,293140070,293140090, info@southmaroubraslsc.com.au, www.southmaroubraslsc.com.au, 1 R Marine Pde Arthur Byrne Reserve, Maroubra, NSW, South Maroubra,2035
Port Phillip (Area),488065437, , registrar@southmelbournelsc.com.au, www.southmelbournelsc.com.au, Beaconsfield Parade (Opp Withers St), Albert Park, VIC, South Melbourne,3206
Sydney Northern Beaches Branch, 02 9971 1355, , secretary@snslsc.org.au, www.snslsc.org.au, 1200 Pittwater Rd, Narrabeen, NSW, South Narrabeen Beach,2101
Misc SA Clubs, , , mail@southportslsc.org.au, www.southportslsc.org.au/, Weatherald Terrace, Port Noarlunga South, SA, South Port,5167
Mid North Coast Branch, 02 6566 6590, , admin@swrslsc.org.au, www.swrslsc.org.au, Horseshoe Bay Reserve Livingstone St, South West Rocks, NSW, Front Beach,2431
Misc VIC Clubs, , , office@southernpeninsularescue.com.au, , , , Unknown, , 
South Coast Branch (Qld), 07 5665 3939, 07 5531 2217, admin@sslsc.com.au, www.sslsc.com.au, Macarthur Parade, Main Beach, QLD, Southport,4217
Port Phillip (Area), 03 9534 2014, , georgie.raby@gmail.com, www.stkildalifesavingclub.com.au, 34 Jacka Blvrd, St Kilda, VIC, St Kilda,3182
Hunter Branch, 02 4928 3562, , stocktonsurf@bigpond.com.au, www.stocktonsurfclub.com, Pitt Street, Stockton, NSW, Stockton Beach,2295
Sunshine Coast Branch, 07 5447 5491, 07 5447 2005, lifesaving@sunshinebeachslsc.com.au, www.sunshinebeachslsc.com.au, Cnr Belmore Terrace and Duke Street, Sunshine Beach, QLD, Sunshine,4567
Surf Life Saving QLD, 07 54141600, 07 54141650, ssbranch@lifesaving.com.au, www.rescuesunshinecoast.com, Lot 697 Parkyn Parade, Mooloolaba, QLD, ,4557
, 02 9215 8000, 02 9215 8180, info@slsa.asn.au, www.sls.com.au, 1 Notts Avenue, Bondi Beach, NSW, ,2026
Surf Life Saving NSW, 02 43530299, 02 43530298, office@slscc.com.au, www.slscc.com.au, 7-4 Teamster Close, Tuggerah, NSW, ,2259
Surf Life Saving NSW, 02 4228 3884, 02 4226 9080, office@slsillawarra.com.au, www.slsillawarra.com.au, 64 Smith St, Wollongong, NSW, ,2500
Surf Life Saving NSW, , , joanne.is@bigpond.com, www.slsmnc.com.au, Central Road, Port Macquarie, NSW, ,2444
Surf Life Saving Australia,294718000,294718001, experts@surflifesaving.com.au, www.surflifesaving.com.au, 3 Narabang Way, Belrose, NSW, ,2085
Surf Life Saving Australia, 08 8985 6588, 08 8985 4737, surf@lifesavingnt.com.au, www.lifesavingnt.com.au, Surf House 62 Aralia Street, Nightcliff, NT, ,810
Surf Life Saving NSW, , , experts@surflifesaving.com.au, www.surflifesaving.com.au, 3 Narabang Way, Belrose, NSW, ,2085
Surf Life Saving QLD, , , , http://www.lifesaving.com.au, , , Unknown, , 
Surf Life Saving Australia, 07 3846 8000, 07 3846 8008, info@lifesaving.com.au, www.lifesaving.com.au, 18 Manning Street, South Brisbane, QLD, ,4101
Misc SA Clubs, , , , , , , , , 
Misc SA Clubs, 13 78 73, , surfcom@surflifesavingsa.com.au, www.surflifesavingsa.com.au, 2 Barcoo Road, West Beach, SA, ,5024
Sydney Northern Beaches Branch, 9913 8066, 9913 9066, enquiries@surflifesavingschool.com.au, www.surflifesavingschool.com.au, Unit 2 / 5 Vuko Place, Warriewood, NSW, ,2102
Surf Life Saving Australia, 08 8354 6900, 08 8354 6999, education@surflifesavingsa.com.au, www.surflifesavingsa.com.au, 2 Barcoo Road, West Beach, SA, ,5024
Surf Life Saving NSW, 9019 0722, 9019 0720, admin@surflifesavingsydney.com.au, www.surflifesavingsydney.com.au,16, Little Bay, NSW, ,2036
Surf Life Saving NSW, 02 9913 8066, 02 9913 9066, jen@surflifesaving.net.au, www.surflifesaving.net.au, Unit 9/1 Vuko Place, Warriewood, NSW, ,2102
Surf Life Saving Australia, 03 6222 6555, , slst@slst.asn.au, www.slst.asn.au, 16A Evans Street, Hobart, TAS, ,7000
Surf Life Saving Australia, (08) 92076666, (08) 92076699, mail@slswa.com.au, www.surflifesavingwa.com.au, 7 Delawney Street, Balcatta, WA, ,6021
Surf Life Saving QLD, 07 3846 8000, , slsfaccounts@slsfoundation.com.au, http://www.slsfoundation.com.au, 18 Manning Street, SOUTH BRISBANE, QLD, ,4101
Surf Life Saving QLD, 07 40491201, , northqueensland@lifesaving.com.au, , Lot 196 Leisure Park Rd, Smithfield, QLD, ,4878
Misc SA Clubs,83546900,83546999, davide@surfrescue.com.au, www.surfrescue.com.au, 219 Henley Beach Rd, Torrensville, SA, ,5031
South Coast Branch (Qld), 07 5531 5966, 07 5539 9466, admin@surfersparadiseslsc.com.au, www.surfersparadiseslsc.com.au, Cnr Halan St and The Esplanade, Surfers Paradise, QLD, Surfers Paradise,4217
South Coast Branch (NSW),244411239, , info@sussexinletslsc.com.au, http://sussexinletslsc.com.au, Pacificana Drive, Sussex Inlet, NSW, Cudmirrah Beach,2540
Misc WA Clubs,893840020, , administrator@swannysurfclub.org.au, http://www.swannysurfclub.org.au, 282 Marine Parade, Swanbourne, WA, Swanbourne,6010
Hunter Branch,249721642,249721643, swanseabelmont@bigpond.com, www.swanseabelmontslsc.com.au, Ungala Road, Blacksmiths, NSW, Blacksmiths Beach,2281
Surf Life Saving NSW Misc Branch, 9471-8000, , wetnwildsydney@surflifesaving.com.au, http://www.surflifesaving.com.au/get-involved/nippers/wetnwild-sydney-nippers-cl, 3 Narabang Way, Belrose, NSW, ,2085
Mid North Coast Branch,265820064, , admin@tackingpointslsc.com.au, www.tackingpointslsc.com.au, 40 Matthew Flinders Drive, Port Macquarie, NSW, Tacking Point/Lighthouse,2444
Point Danger Branch, 07 5576 5866, 07 5535 9886, admin@tallesurfclub.net.au, www.tallesurfclub.net.au, 1505 Gold Coast Highway, Palm Beach, QLD, Tallebudgera,4221
Sydney Branch, 9130 3967, , secretary@tamaramaslsc.org, www.tamaramaslsc.org, 1A Pacific Avenue, Tamarama, NSW, Tamarama Beach,2026
Wide Bay Capricorn Branch, 07 49737142, 07 49733637, secretary@tannumsurf.com.au, Facebook, Building 1 The Esplanade, Tannum Sands, QLD, Tannum Sands,4680
Lower North Coast Branch, , , president@tareeoldbarsurfclub.com.au, www.tareeoldbarsurfclub.com.au, Old Bar Road, OLD BAR, NSW, Old Bar,2430
Far South Coast Branch, 02 6494 1588, , tathraslsc@hotmail.com, www.tathrasurfclub.com.au, ANDY POOLE DRIVE, TATHRA, NSW, Tathra Beach,2550
Hunter Branch, , , maxinecook1210@yahoo.com.au, www.teagardenshawksnestslsc.com, 117 Booner Street - Cnr Bennett St, Hawks Nest, NSW, Bennetts,2324
Central Coast Branch,243856933,243856944, office@terrigalsurfclub.com, www.terrigalsurfclub.com, Terrigal Esplanade, Terrigal, NSW, Terrigal,2260
Central Coast Branch, 02 4334 2844, , waz_sue1@bigpond.com, www.theentranceslsc.com.au, Marine Parade, The Entrance, NSW, The Entrance,2261
Central Coast Branch, 024396 4047, , admin@thelakesslsc.com.au, www.thelakesslsc.com.au, Lot 525 Budgewoi Road, Budgewoi, NSW, Lakes Beach,2262
Illawarra Branch, 02 4267 3432, , info@thirroulsurfclub.com.au, www.thirroulsurfclub.com.au, The Esplanade, Thirroul, NSW, Thirroul Beach6,2515
Central Coast Branch, 02 4332 2411, , admin@tbslsc.com.au, www.toowoonsurfclub.com.au, Swadling Park Drive Off Bay Rd, Toowoon Bay, NSW, Toowoon Bay,2261
Surf Coast (Area), 03 5261 4110, 03 5261 4209, info@torquayslsc.com.au, www.torquayslsc.com.au, Surf Beach Drive, Torquay, VIC, Torquay,3228
North Barrier Branch, 0747 244 211, , admin@tpbslsc.com.au, www.tpbslsc.com.au, 80 The Strand, Townsville, QLD, Picnic Bay,4810
Illawarra Branch, 0404 134 012, , agervaise@towradgisurfclub.com.au, http://www.towradgisurfclub.com.au, 1 Murranar Rd, Towradgi, NSW, Towradgi,2518
Misc WA Clubs,894473556,894477633, tislsc@triggisland.com, www.triggisland.com, 360-362 West Coast Drive, Trigg, WA, Trigg Island,6029
Point Danger Branch, 07 5534 2888, 07 5534 4138, surfadmin@tugunslsc.com.au, www.tugunslsc.com.au, 29 O`Connor Street, Tugun, QLD, Tugun,4224
Point Danger Branch, 07 5536 6901, 07 5536 4207, thcslsc@bigpond.net.au, www.thcslsc.com.au, Marine Parade, Coolangatta, QLD, Greenmount,4225
Misc TAS Clubs,364252404, , a_eustace@hotmail.com, www.ulverstoneslsc.org, Beach Road, ULVERSTONE, TAS, Buttons Beach,7315
Central Coast Branch, 02 4342 0320, 02 4342 0320, admin@uminaslsc.org.au, www.uminaslsc.org.au, 509 Ocean Beach Road, Umina Beach, NSW, Umina Beach,2257
North Coast Branch,266556869, , mdoc@citycentre.com.au, www.urungaslsc.com.au, Hungry Head Road, Urunga, NSW, Hungry Head,2455
Bass (Area), 03 5663 7780, , secretary@vbslsc.org.au, www.vbslsc.org.au, Surf Drive, Venus Bay, VIC, Venus Bay,3956
Misc VIC Clubs, , , , , , , Unknown, , 
Misc VIC Clubs, , , , , , , , , 
Misc VIC Clubs, , , , , , , , , 
Misc VIC Clubs, 0419 233 999, , secretary@vmrmornington.com.au, www.vmrmornington.com.au, Cnr Drake Street and The Esplanade, Mornington, VIC, ,3931
Misc NT Clubs, , , tutinia@miwatj.com.au, , , Yirrkala, NT, Yirrkala,880
Central Coast Branch,243852322, , admin@wamberalsurfclub.com, www.wamberalsurfclub.com, 1 Dover Road, Wamberal, NSW, Wamberal,2260
Sydney Branch,295234343,295234491, clubhouse@wandaslsc.com.au, www.wandasurfclub.com, 2 Marine Esplanade, Cronulla, NSW, Wanda Beach,2230
Bass (Area), 03 5684 1276, , treasurer@waratahbeach.com.au, www.waratahbeach.com.au, 130 Beach Parade, Sandy Point, VIC, Sandy Point (Waratah Bay),3959
South Coast Branch (NSW),242964743, , info.warillasurf@gmail.com, www.warillasurf.org.au, 7 Osborne Pde, Warilla, NSW, Warilla Barrack,2528
Sydney Northern Beaches Branch, 02 9999 2213,2, info@warriewoodslsc.com.au, www.warriewoodslsc.com.au, NARRABEEN PARK PARADE, WARRIEWOOD, NSW, Warriewood Beach,2102
Western (Area), 03 5561 1790, 03 5560 5771, warrnamboolslsc@bigpond.com, www.warrnamboolslsc.org.au, 80 Pertobe Road, Warrnambool, VIC, Warrnambool,3280
Mid North Coast Branch, , , pkspksmith@yahoo.com.au, www.wbhslsc.org.au, 6 Beach Street, Bonny Hills, NSW, Rainbow Beach,2445
Misc SA Clubs, 8353 8503, , secretary@westbeachslsc.com.au, www.westbeachslsc.com.au, Corner Seaview and West Beach Roads, WEST BEACH, SA, West Beach,5024
Life Saving Victoria, , , , , , , Unknown, , 
Sydney Northern Beaches Branch, , , info@whalebeachsurfclub.org, www.whalebeachsurfclub.org, 227 Whale Beach Road, Whale Beach, NSW, Whale Beach,2107
Misc SA Clubs,886453499,886453499, su49344@bigpond.net.au, , Whyalla Foreshore, Whyalla, SA, Whyalla,5600
Surf Life Saving QLD, 07 41111000, 07 41533227, slswbc@lifesaving.com.au, www.slswbc.com.au, Level 1 62A Barolin Street, Bundaberg, QLD, ,4670
Port Phillip (Area), 03 9397 5493, , info@williamstownslsc.org.au, www.williamstownslsc.org.au, Gloucester Reserve 70 Esplanade, Williamstown, VIC, Williamstown,3016
Illawarra Branch, , , windangsecretary@hotmail.com, www.windangslsc.com.au, Fern Street, Windang, NSW, Windang Beach,2528
Illawarra Branch,42291994,42292994, bryce.coleman@live.com.au, www.wollongongcityslsc, Marine Pde, WOLLONGONG, NSW, Wollongong City Beach,2520
Bass (Area), 03 5674 4720, , secretary@wlsc.org.au, wlsc.org.au, 14 Bay Beach Road, Cape Paterson, VIC, Bay Beach Cape Paterson,3995
Gippsland (Area), 03 5187 1246, , , , Ben Rendell Drive / Woodside Beach Road, Woodside Beach, VIC, Woodside,3874
Bass (Area), 03 5956 7311, , secretary@woolamaibeach.asn.au, www.woolamaibeach.asn.au, Woolamai Beach Road, Cape Woolamai, VIC, Woolamai,3925
North Coast Branch, 02 6654 0257, , Mick@woolgoolgaslsc.com, www.woolgoolgaslsc.com, 15 Hofmeier Close, Woolgoolga, NSW, Woolgoolga Beach,2456
Illawarra Branch, 02 4285 8180, , woononascsecretary@gmail.com, www.woononaslsc.com.au, Kurraba Rd, Woonona, NSW, Woonona Beach,2517
Otway (Area), 03 5289 0297, , barbante@optusnet.com.au, www.wyeriverslsc.asn.au, Great Ocean Road, Wye River, VIC, Wye River,3234
Far North Coast Branch,266462463,266458648, office@yambaslsc.com.au, www.yambaslsc.com.au, 1 Marine Parade, Yamba, NSW, Yamba Beach,2464
Misc WA Clubs, (00) 00000000, , yanchepsurflifesaving@gmail.com, www.yanchepsurflifesaving.com.au, , , WA, Yanchep, 
Wide Bay Capricorn Branch, 07 4939 4212, , secretary@yeppoonslsc.com.au, http://www.yeppoonslsc.com.au/, Anzac Parade, Yeppoon, QLD, Yeppoon,4703
